id,description,inner_participant_number,outer_participant_number,food,desk,chair,busking,worker
395,none,10,0,,0,0,0,0
396,none,10,0,,0,0,0,0
397,none,10,0,,0,0,0,0
398,none,10,0,,0,0,0,0
399,none,10,0,,0,0,0,0
400,none,10,0,,0,0,0,0
401,none,10,0,,0,0,0,0
402,none,10,0,,0,0,0,0
403,none,10,0,,0,0,0,0
404,none,10,0,,0,0,0,0
405,none,10,0,,0,0,0,0
406,none,10,0,,0,0,0,0
407,none,10,0,,0,0,0,0
408,none,10,0,,0,0,0,0
409,none,10,0,,0,0,0,0
410,none,10,0,,0,0,0,0
411,none,10,0,,0,0,0,0
412,none,10,0,,0,0,0,0
413,none,10,0,,0,0,0,0
414,none,10,0,,0,0,0,0
415,none,10,0,,0,0,0,0
416,none,10,0,,0,0,0,0
417,none,10,0,,0,0,0,0
418,none,10,0,,0,0,0,0
419,none,10,0,,0,0,0,0
420,none,10,0,,0,0,0,0
421,none,10,0,,0,0,0,0
422,none,10,0,,0,0,0,0
423,none,10,0,,0,0,0,0
424,none,10,0,,0,0,0,0
425,none,10,0,,0,0,0,0
426,none,10,0,,0,0,0,0
427,none,10,0,,0,0,0,0
428,none,10,0,,0,0,0,0
429,none,10,0,,0,0,0,0
430,none,10,0,,0,0,0,0
431,none,10,0,,0,0,0,0
432,none,10,0,,0,0,0,0
433,none,10,0,,0,0,0,0
434,none,10,0,,0,0,0,0
435,none,10,0,,0,0,0,0
436,none,10,0,,0,0,0,0
437,none,10,0,,0,0,0,0
438,none,10,0,,0,0,0,0
439,none,10,0,,0,0,0,0
440,none,10,0,,0,0,0,0
441,none,10,0,,0,0,0,0
442,none,10,0,,0,0,0,0
443,none,10,0,,0,0,0,0
444,none,10,0,,0,0,0,0
445,none,10,0,,0,0,0,0
446,none,10,0,,0,0,0,0
447,none,10,0,,0,0,0,0
448,none,10,0,,0,0,0,0
449,none,10,0,,0,0,0,0
450,none,10,0,,0,0,0,0
451,none,10,0,,0,0,0,0
452,none,10,0,,0,0,0,0
453,none,10,0,,0,0,0,0
454,none,10,0,,0,0,0,0
455,none,10,0,,0,0,0,0
456,none,10,0,,0,0,0,0
457,none,10,0,,0,0,0,0
458,none,10,0,,0,0,0,0
459,none,10,0,,0,0,0,0
460,none,10,0,,0,0,0,0
461,none,10,0,,0,0,0,0
462,none,10,0,,0,0,0,0
463,none,10,0,,0,0,0,0
464,none,10,0,,0,0,0,0
465,none,10,0,,0,0,0,0
466,none,10,0,,0,0,0,0
467,none,10,0,,0,0,0,0
468,none,10,0,,0,0,0,0
469,none,10,0,,0,0,0,0
470,none,10,0,,0,0,0,0
471,none,10,0,,0,0,0,0
472,none,10,0,,0,0,0,0
473,none,10,0,,0,0,0,0
474,none,10,0,,0,0,0,0
475,none,10,0,,0,0,0,0
476,none,10,0,,0,0,0,0
477,none,10,0,,0,0,0,0
478,none,10,0,,0,0,0,0
479,none,10,0,,0,0,0,0
480,none,10,0,,0,0,0,0
481,none,10,0,,0,0,0,0
482,none,10,0,,0,0,0,0
484,none,10,0,,0,0,0,0
485,none,10,0,,0,0,0,0
486,none,10,0,,0,0,0,0
487,none,10,0,,0,0,0,0
488,none,10,0,,0,0,0,0
489,none,10,0,,0,0,0,0
490,none,10,0,,0,0,0,0
491,none,10,0,,0,0,0,0
492,none,10,0,,0,0,0,0
493,none,10,0,,0,0,0,0
494,none,10,0,,0,0,0,0
495,none,10,0,,0,0,0,0
496,none,10,0,,0,0,0,0
497,none,10,0,,0,0,0,0
498,none,10,0,,0,0,0,0
499,none,10,0,,0,0,0,0
500,none,10,0,,0,0,0,0
501,none,10,0,,0,0,0,0
502,none,10,0,,0,0,0,0
503,none,10,0,,0,0,0,0
504,none,10,0,,0,0,0,0
505,none,10,0,,0,0,0,0
506,none,10,0,,0,0,0,0
507,none,10,0,,0,0,0,0
508,none,10,0,,0,0,0,0
509,none,10,0,,0,0,0,0
510,none,10,0,,0,0,0,0
511,none,10,0,,0,0,0,0
512,none,10,0,,0,0,0,0
513,none,10,0,,0,0,0,0
514,none,10,0,,0,0,0,0
515,none,10,0,,0,0,0,0
516,none,10,0,,0,0,0,0
517,none,10,0,,0,0,0,0
518,none,10,0,,0,0,0,0
519,none,10,0,,0,0,0,0
520,none,10,0,,0,0,0,0
521,none,10,0,,0,0,0,0
522,none,10,0,,0,0,0,0
523,none,10,0,,0,0,0,0
524,none,10,0,,0,0,0,0
525,none,10,0,,0,0,0,0
526,none,10,0,,0,0,0,0
527,none,10,0,,0,0,0,0
528,none,10,0,,0,0,0,0
529,none,10,0,,0,0,0,0
530,none,10,0,,0,0,0,0
531,none,10,0,,0,0,0,0
532,none,10,0,,0,0,0,0
533,none,10,0,,0,0,0,0
534,none,10,0,,0,0,0,0
535,none,10,0,,0,0,0,0
536,none,10,0,,0,0,0,0
537,none,10,0,,0,0,0,0
538,none,10,0,,0,0,0,0
539,none,10,0,,0,0,0,0
546,none,10,0,,0,0,0,0
547,none,10,0,,0,0,0,0
548,none,10,0,,0,0,0,0
549,none,10,0,,0,0,0,0
550,none,10,0,,0,0,0,0
551,none,10,0,,0,0,0,0
552,none,10,0,,0,0,0,0
553,none,10,0,,0,0,0,0
554,none,10,0,,0,0,0,0
555,none,10,0,,0,0,0,0
556,none,10,0,,0,0,0,0
557,none,10,0,,0,0,0,0
558,none,10,0,,0,0,0,0
559,none,10,0,,0,0,0,0
560,합주 및 사진 촬영,5,0,,0,0,0,0
561,none,10,0,,0,0,0,0
562,none,10,0,,0,0,0,0
563,none,10,0,,0,0,0,0
564,none,10,0,,0,0,0,0
565,none,10,0,,0,0,0,0
566,none,10,0,,0,0,0,0
567,none,10,0,,0,0,0,0
568,none,10,0,,0,0,0,0
569,none,10,0,,0,0,0,0
570,none,10,0,,0,0,0,0
571,none,10,0,,0,0,0,0
572,none,10,0,,0,0,0,0
573,none,10,0,,0,0,0,0
574,none,10,0,,0,0,0,0
575,none,10,0,,0,0,0,0
576,none,10,0,,0,0,0,0
577,none,10,0,,0,0,0,0
578,none,10,0,,0,0,0,0
579,none,10,0,,0,0,0,0
580,none,10,0,,0,0,0,0
581,none,10,0,,0,0,0,0
582,none,10,0,,0,0,0,0
583,none,10,0,,0,0,0,0
584,none,10,0,,0,0,0,0
585,none,10,0,,0,0,0,0
586,none,10,0,,0,0,0,0
587,none,10,0,,0,0,0,0
588,none,10,0,,0,0,0,0
589,none,10,0,,0,0,0,0
590,none,10,0,,0,0,0,0
591,none,10,0,,0,0,0,0
592,none,10,0,,0,0,0,0
593,none,10,0,,0,0,0,0
594,none,10,0,,0,0,0,0
595,none,10,0,,0,0,0,0
596,none,10,0,,0,0,0,0
597,none,10,0,,0,0,0,0
598,none,10,0,,0,0,0,0
599,none,10,0,,0,0,0,0
600,none,10,0,,0,0,0,0
601,none,10,0,,0,0,0,0
602,none,10,0,,0,0,0,0
603,none,10,0,,0,0,0,0
604,none,10,0,,0,0,0,0
605,none,10,0,,0,0,0,0
606,none,10,0,,0,0,0,0
608,none,10,0,,0,0,0,0
609,none,10,0,,0,0,0,0
610,none,10,0,,0,0,0,0
611,none,10,0,,0,0,0,0
612,none,10,0,,0,0,0,0
613,none,10,0,,0,0,0,0
614,none,10,0,,0,0,0,0
615,테스트,11,0,없음,0,0,0,0
616,연습,10,0,,0,1,0,0
617,연습,10,0,,0,0,0,0
618,현궁 동아리 활동,10,0,,0,0,0,0
620,드럼,10,0,,0,0,0,0
621,세미나,2,1,,3,3,0,0
622,세미마,5,1,,5,5,0,0
624,드럼연습,1,0,,0,0,0,0
625,피아노 개인 연습,10,1,,0,0,0,0
626,Dance practice ,1,0,,0,0,0,0
627,Sing practice ,1,0,,0,0,0,0
628,개인연습실 예약 신청합니다.,1,0,,1,1,0,0
629,바이올린 연습,1,0,,0,0,0,0
630,드럼 연습,2,0,,0,0,0,0
631,세미나,10,0,,0,0,0,0
632,개인 연습실 예약 ,1,0,,0,0,0,0
633,ㄱㅌ,1,1,,0,0,0,0
634,개인연습,1,0,,0,0,0,0
635,한우진,1,0,,0,0,0,0
636,피아노 조율 및 수리,10,0,,0,0,0,0
637,Practice,10,0,,0,0,0,0
638,연습,1,0,,0,0,0,0
639,practice,10,0,,0,0,0,0
640,피아노 연습,2,0,,0,0,0,0
641,드럼 연습,1,0,No food,0,0,0,0
642,연습,10,0,,0,1,0,1
643,드럼 연습,1,0,No food,0,0,0,0
644,개인 연습,1,0,,0,0,0,0
645,practice,4,0,,0,0,0,0
646,개인 연습,2,0,,0,0,0,0
647,드럼연습,10,0,,0,0,0,0
648,드럼연습,10,0,,0,0,0,0
649,악기연습,1,0,,0,0,0,0
650,악기연습,2,0,,0,0,0,0
651,맨몸 코어운동,1,0,,0,0,0,0
652,맨몸 코어운동,1,0,,1,1,0,0
653,피아노 연습,1,0,,0,0,0,0
655,넘버 배우 오디션,25,0,,0,0,0,0
656,"미래홀 여름 공사 착공 전 치수 파악, 콘솔 장치 파악 등 위해 공간 예약합니다",25,0,,0,0,0,0
657,연습,1,0,,0,0,0,0
659,카이스트 대학원생 여섯 명과 교외 대학원생 두세 명이 모여 세미나를 진행합니다~,6,2,아무 음식도 먹지 않을 것입니다,0,0,0,0
660,여러 학과의 대학원생들이 모여 세미나를 진행합니다,6,0,아무 음식도 먹지 않습니다,0,0,0,0
662,NUMBER 가을 정기공연 연습,25,0,,0,0,0,0
663,NUMBER 가을 정기공연 연습,25,0,,0,0,0,0
665,practice,1,0,NA,0,0,0,0
666,1학기 징크 활동 피드백 및 2학기 부원들의 활동 팀 배정을 진행할 예정입니다. 세미나실을 그대로 사용할 예정이라 desk 등의 정확한 개수는 상관 없을 것 같습니다!,13,13,,10,10,0,0
667,개인 연습,1,0,,0,0,0,0
670,행사준비,10,0,,0,0,0,0
671,행사준비,10,0,,0,0,0,0
673,행사준비,10,0,,0,0,0,0
674,"징크에서 매 학기 진행하는 워크샵으로, 봄학기 프로젝트 피드백과 가을학기 프로젝트 기획 및 회의를 진행할 예정입니다.",35,0,,0,0,0,0
675,매 학기 진행하는 환경자치단체 G-inK 정기 워크샵,35,0,,0,0,0,0
676,NUMBER 가을 정기 공연 연습,25,0,,0,0,0,0
677,Practise,2,0,,0,0,0,0
679,연습,10,0,,0,0,0,0
680,개인연습,1,0,,0,0,0,0
681,[Number] 가을 정기 공연 배우 오디션 결과 회의,10,0,,0,0,0,0
687,[Number] 가을 정기공연 연습,25,0,,0,0,0,0
688,[Number] 가을 정기공연 연습,25,0,,0,0,0,0
689,[Number] 가을 정기공연 연습,25,0,,0,0,0,0
690,[Number] 가을 정기공연 연습,25,0,,0,0,0,0
691,합주 연습,10,0,,0,0,0,0
693,합주연습/ Jessica,10,0,,0,0,0,0
694,악기연습,1,0,,0,0,0,0
695,드럼 연습,1,0,,0,0,0,0
696,연습,1,0,,0,0,0,0
697,practicing,2,0,,0,1,0,0
698,동아리 연습,5,0,물,0,0,0,0
704,연습,3,0,,0,0,0,0
705,드럼 연습,1,0,,0,0,0,0
706,드럼 연습,1,0,,0,0,0,0
707,드럼 연습,1,0,,0,0,0,0
710,연습,1,0,,0,0,0,0
711,연습,0,0,,0,0,0,0
712,[NUMBER] 가을 정기공연 연습,25,0,,0,0,0,0
713,연습,10,0,,0,0,0,0
714,연습,10,0,,0,0,0,0
715,팀장회의,12,0,no,5,12,0,0
716,[Number] 가을 정기 공연 연습,25,0,,0,0,0,0
718,악기 연습,1,0,,0,0,0,0
721,기타연습,10,0,,0,0,0,0
722,일루젼 연습,10,0,,0,0,0,0
723,piano practice,10,0,,0,0,0,0
724,연습,1,0,,0,0,0,0
727,연습,1,0,,0,0,0,0
728,.,1,0,,0,0,0,0
732,피아노 연습,10,0,,0,0,0,0
734,밴드 연습,2,2,,0,0,0,0
735,피아노 연습,1,1,,0,0,0,0
736,개인 악기연습,1,0,No,0,1,0,0
738,드럼연습,1,0,,0,0,0,0
740,일루젼 카이스트,10,0,,0,0,0,0
741,개인연습,1,1,없음,0,0,0,0
742,얀습,1,0,,0,0,0,0
743,피아노 연습,10,0,,0,0,0,0
745,연습,10,0,,0,0,0,0
746,연습,10,0,,0,0,0,0
747,연습,2,0,,0,2,0,0
750,드럼 연습,1,0,,0,0,0,0
751,[Number] 가을 정기공연 연습,25,0,,0,0,0,0
752,[Number] 가을 정기공연 연습,25,0,,0,0,0,0
753,[Number] 가을 정기공연 연습,25,0,,0,0,0,0
754,[Number] 가을 정기공연 연습,25,0,,0,0,0,0
755,[Number] 가을 정기공연 연습,25,0,,0,0,0,0
756,드럼,1,0,,0,0,0,0
757,개인 연습,10,0,,0,0,0,0
758,일루젼 연습,10,0,,0,0,0,0
759,정기 연습,10,0,,0,0,0,0
760,[Number] 팀장회의,10,0,,0,0,0,0
763,새내기학생회에서 주관하는 2025 후기 새내기새로배움터 기획단의 팀장단 회의입니다.,9,0,,5,9,0,0
764,천문세미나,10,0,,0,0,0,0
765,천문세미나,10,0,,0,0,0,0
766,미팅,4,2,no,4,6,0,0
767,연습,10,0,,0,0,0,0
768,정기 연습,10,0,,0,0,0,0
770,연습,10,0,,0,0,0,0
771,[Number] 가을 정기 공연 연습,25,0,,0,0,0,0
772,카이스트 물리학과 CSSPL 연구실 홈커밍,7,15,배달/포장 음식 (주류 포함),10,25,0,0
775,해금을 연습하려고 합니다.,2,0,0,2,2,0,0
777,연습,0,0,,0,0,0,0
778,연습,10,0,,0,0,0,0
781,정기 연습,10,0,,0,0,0,0
782,정기공연 연습,10,0,,0,0,0,0
783,정기공연 연습,10,0,,0,0,0,0
784,정기공연 연습,10,0,,0,0,0,0
793,6/21일에 합주실을 예약해서 3곡 합주/연습 할 거 같습니다,5,0, 없습니다,0,0,0,0
794,카이스트 아트 오케스트라 오보에 파트 연습,2,1,해당없음,0,0,0,0
795,개인 연습,1,0,,0,0,0,0
797,드럼연습,1,0,,0,0,0,0
798,드럼연습,1,0,,0,0,0,0
803,정기공연 연습,10,0,,0,0,0,0
804,정기공연 연습,10,1,,0,0,0,0
814,Dance ,1,0,,0,0,0,0
815,Sing ,1,0,,0,0,0,0
816,Dance ,1,0,,0,0,0,0
817,Dance ,1,0,,0,0,0,0
818,현궁 원데이 클래스,10,1,,0,0,0,0
819,카이스트 아트 오케스트라 오보에 파트 연습,2,1,No,0,0,0,0
820,최다인님 예약,10,0,,0,0,0,0
822,IVF 내부에서 결성된 CCM 빅밴드의 합주를 위함,9,0,리드악기를 위한 음용수 반입하고자 함,0,9,0,0
823,IVF 내부에서 조직된 CCM 빅밴드인 브레멘 음악대의 합주를 위함,9,0,리드 악기를 위해 소량의 음용수 반입 의사 존재,0,9,0,0
825,networking and cultural event for Latin American students,10,0,,0,0,0,0
826,Group Practice - 김어진,6,0,,0,0,0,0
827,팀장회의,12,0,,6,12,0,0
828,연습,10,0,,0,0,0,0
833,연습,10,0,,0,0,0,0
834,연습,1,0,,0,0,0,0
836,연습,1,0,,0,0,0,0
837,악기연습,1,1,,0,0,0,0
838,악기연습,1,0,,0,0,0,0
839,.,10,0,,0,0,0,0
840,연습,10,0,,0,0,0,0
841,연습,10,0,,0,0,0,0
843,정기연습,10,0,,0,0,0,0
845,연습,10,0,,0,0,0,0
850,연습,10,0,,0,0,0,0
851,정기 연습,10,0,,0,0,0,0
852,정기 연습,10,0,,0,0,0,0
853,정기 연습,10,0,,0,0,0,0
854,신용민,1,0,no food,0,0,0,0
855,피아노 연습,10,0,,0,0,0,0
856,연습,2,0,,0,0,0,0
858,연습,10,0,,0,0,0,0
862,정기 연습,10,0,,0,0,0,0
864,[Number] 팀장회의,10,0,,0,0,0,0
865,[Number] 팀장회의,10,0,,0,0,0,0
866,바이올린,1,0,,0,0,0,0
867,대학원생 밴드 연습 전 합주실 컨디션 체크,3,0,na,0,0,0,0
869,합주,2,0,,0,0,0,0
870,드럼,1,0,,0,0,0,0
871,드럼,1,0,,0,0,0,0
872,연습,1,0,,0,0,0,0
873,연습,1,0,,0,0,0,0
874,밴드 합주 연습,3,3,물,0,0,0,0
878,동아리 물품 제작,1,0,Coffee,1,1,0,1
879,악기 연습,1,0,,0,0,0,0
882,영화 시청 소모임,8,0,과자/음료수,2,8,0,0
883,영화 감상 소모임입니다.,10,0,과자/음료수,3,10,0,0
885,피아노 연습,10,0,,0,0,0,0
886,개인 드럼 연습,1,0,,0,0,0,0
891,개인 드럼 연습,1,0,,0,0,0,0
892,개인 드럼 연습,1,0,,0,0,0,0
893,개인 드럼 연습,1,0,,0,0,0,0
894,개인 드럼 연습,1,0,,0,0,0,0
899,카이스트 아트 오케스트라 오보에 연습,2,1,해당없음,0,3,0,0
903,피아노 연습,1,0,,0,0,0,0
906,파이노 연습,1,0,,0,0,0,0
907,피아노 연습,1,0,,0,0,0,0
910,피아노 연습,1,0,,0,0,0,0
911,팀장회의,12,0,,6,12,0,0
912,IVF 내부에서 결성된 CCM 빅밴드 동아리의 합주를 위함,9,0,리드악기를 위한 소량의 음용수 반입 예정,0,9,0,9
913,[Number] 팀장회의,10,0,,0,0,0,0
914,[Number] 팀장회의,10,0,,0,0,0,0
915,[Number] 팀장회의,10,0,,0,0,0,0
916,"Just the Two of Us
",4,4,water,0,0,0,0
917,버스킹 연습,4,4,water,0,0,0,0
918,피아노 연습,10,0,,0,0,0,0
919,피아노 연습,10,0,,0,0,0,0
920,피아노 연습,10,0,,1,0,0,0
922,바이올린,1,0,,0,0,0,0
925,바이올린,1,0,,0,0,0,0
926,바이올린,1,0,,0,0,0,0
927,바이올린,1,0,,0,0,0,0
929,김지선,1,0,,0,0,0,0
930,피아노 연습,1,0,,0,0,0,0
931,KAIST Art Orchestra 바순 파트 연습,1,1,,0,2,0,0
932,드럼,1,0,,0,0,0,0
934,춤연습,4,0,No,0,0,0,0
935,카이스트 대학원생 동아리에서 안무연습을 하고자 합니다,5,0,,0,0,0,0
937,피아노 연습,10,0,,0,0,0,0
938,연습,11,1,,0,0,0,0
940,연습,1,1,,0,0,0,0
941,악기연습,1,0,No,0,1,0,0
942,연습,10,0,,0,0,0,0
945,KAIST Art Orchestra 바순 파트 연습,1,1,,0,2,0,0
946,악기 연습,1,0,,0,0,0,0
947,악기 연습,1,0,,0,0,0,0
949,ID KAIST 석사 밴드,10,0,,0,0,0,0
952,안무연습,1,1,,0,0,0,0
953,안무연습,1,1,,0,0,0,0
954,안무연습,1,0,,0,0,0,0
955,안무연습,1,0,,0,0,0,0
956,드럼 개인연습,1,0,,0,0,0,0
957,드럼 개인연습,1,0,,1,0,0,0
961,악기 연습,1,0,,0,0,0,0
967,새내기학생회 소팀2,10,0,,0,0,0,0
968,새내기학생회 소팀2,10,0,,0,0,0,0
969,새내기학생회 소팀2,10,0,,0,0,0,0
971,[Number] 가을 정기 공연 팀장회의,10,0,,0,0,0,0
972,[Number] 가을 정기 공연 팀장회의,10,0,,0,0,0,0
977,개인연습,1,0,,0,0,0,0
982,[Number] 가을 정기 공연 연습,25,0,,0,0,0,0
983,[Number] 가을 정기 공연 연습,25,0,,0,0,0,0
984,[Number] 가을 정기 공연 연습,25,0,,0,0,0,0
988,해금 연습,2,0,0,2,2,0,0
989,악기 연습,2,0,,0,0,0,0
992,악기 연습,1,0,,0,0,0,0
993,피아노 연습,1,0,,0,0,0,0
995,개인 드럼 연습,1,0,,0,0,0,0
996,Learning dance routine,2,0,,0,0,0,0
997,개인연습,1,0,,0,0,0,0
998,25 후새기 공연팀 1차 회의,15,0,,0,0,0,0
999,피아노 연습,10,0,,0,0,0,0
1000,피아노 연습,1,0,,0,0,0,0
1001,악기연습,1,0,,0,0,0,0
1002,.,1,0,,0,0,0,0
1003,연습,10,0,,1,0,0,0
1004,안무연습,5,0,no,0,0,0,0
1005,25 후기 새터 소팀1 회의,10,0,,0,0,0,0
1006,25후기 새터 소팀1 회의,10,0,,0,0,0,0
1007,25후기 새터 소팀1 회의,10,0,,0,0,0,0
1008,25후기 새터 소팀1 회의,10,0,,0,0,0,0
1009,카포전/캄프 부스 간담회,20,0,음식 안 먹습니다.,0,0,0,0
1010,개인 악기 연습,1,0,,0,1,0,0
1011,새내기학생회 소팀2,10,0,,0,0,0,0
1012,연습,10,0,,0,0,0,0
1013,악기 연습,1,0,No,0,0,0,0
1019,악기 연습,1,0,No,0,0,0,0
1020,피아노 연습,2,0,,0,0,0,0
1021,실험용 장소 대여,3,0,None,0,0,0,0
1023,피아노 연습,1,1,,0,0,0,0
1024,Construction for Mirae-Hall,10,0,,0,0,0,0
1025,개인 연습,1,0,,0,0,0,0
1026,회의,10,0,,0,0,0,0
1027,피아노 연습,10,0,,0,0,0,0
1028,[Number] 가을 정기공연 연습,25,0,,0,0,0,0
1031,새학팀장단,9,0,,0,0,0,0
1033,개인연습,1,0,,0,0,0,0
1035,밴드 회의,10,0,,0,0,0,0
1036,상상효과 팀장회의,12,0,,6,12,0,0
1037,지연우,16,0,,0,0,0,0
1039,지연우,16,0,,0,0,0,0
1040,지연우,16,0,,0,0,0,0
1041,지연우,16,0,,0,0,0,0
1042,지연우,16,0,,0,0,0,0
1043,지연우,16,0,,0,0,0,0
1046,새내기학생회 소팀2,10,0,,0,0,0,0
1047,새내기학생회 소팀2,10,0,,0,0,0,0
1048,새내기학생회 소팀2,10,0,,0,0,0,0
1049,개인연습,1,0,,0,0,0,0
1050,악기연습,1,0,No ,0,0,0,0
1051,피아노 연습,10,0,,0,0,0,0
1052,중집회의 진행 ,10,0,,0,0,0,0
1056,기타 연습,1,0,,0,0,0,0
1057,연습,1,0,,0,0,0,0
1058,[Number] 정기 공연 연습,25,0,,0,0,0,0
1059,안무연습,1,1,,0,0,0,0
1060,연습,1,0,,0,0,0,0
1061,연습,1,1,,0,0,0,0
1062,연습,3,0,,0,0,0,0
1063,신용민,1,0,no food,0,0,0,0
1069,개인 연습,1,0,,0,0,0,0
1074,드럼,1,0,,0,0,0,0
1075,드럼,1,0,,0,0,0,0
1077,개인 보컬 연습,1,0,,0,0,0,0
1078,연습,4,0,.,0,0,0,0
1079,양밴드 합주실 예약,6,0,,0,0,0,0
1083,드럼 연습,1,0,,0,0,0,0
1084,드럼 연습,1,0,,0,0,0,0
1085,드럼 연습,1,0,,0,0,0,0
1086,공연 연습,2,0,,0,0,0,0
1087,공연 연습,2,0,,0,0,0,0
1088,piano,2,0,,0,0,0,0
1089,합주,10,0,,0,0,0,0
1090,새내기학생회 소팀2,10,0,,0,0,0,0
1091,개인연습,1,0,,0,0,0,0
1092,개인 연습,10,0,,0,0,0,0
1097,정기연극 연습,10,0,,0,0,0,0
1098,정기연극 연습,10,0,,0,0,0,0
1099,정기연극 연습,10,0,,0,0,0,0
1114,피아노 연습,10,0,,0,0,0,0
1116,연습,4,0,,0,0,0,0
1118,연습,10,0,,0,0,0,0
1119,상상효과 팀장회의,12,0,,6,12,0,0
1124,안무연습,1,1,,0,0,0,0
1127,[Number] 가을 정기 공연 연습,25,0,,0,0,0,0
1128,피아노 연습,10,0,,0,0,0,0
1129,개인 보컬 연습,1,0,,0,0,0,0
1130,연습,2,0,,0,0,0,0
1131,연습,10,0,,0,0,0,0
1135,연습,10,0,,0,0,0,0
1137,"[대학원 총학생회 졸업준비위원회] 2025년도 가을학기 졸업앨범 촬영
",10,0,,0,0,0,0
1138,"[대학원 총학생회 졸업준비위원회] 2025년도 가을학기 졸업앨범 촬영
",10,0,,0,0,0,0
1139,"[대학원 총학생회 졸업준비위원회] 2025년도 가을학기 졸업앨범 촬영
",10,0,,0,0,0,0
1140,"[대학원 총학생회 졸업준비위원회] 2025년도 가을학기 졸업앨범 촬영
",10,0,,0,0,0,0
1141,"[대학원 총학생회 졸업준비위원회] 2025년도 가을학기 졸업앨범 촬영
",10,0,,0,0,0,0
1142,정기공연 연습,10,0,,0,0,0,0
1144,정기공연 연습,10,0,,0,0,0,0
1146,정기공연 연습,10,0,,0,0,0,0
1147,연습,1,0,,0,0,0,0
1148,피아노 연습,1,1,,0,0,0,0
1154,상모 개인연습,1,0,water,0,0,0,0
1155,동아리 내에서 진행하는 보컬 레슨의 연습 진행합니디,1,0,,0,0,0,0
1156,악기연습,1,0,No,0,0,0,0
1157,연습,4,0,,0,0,0,0
1159,밴드 연습,10,0,,2,8,0,0
1161,practice,4,0,,0,0,0,0
1162,practice,4,0,,0,0,0,0
1163,Clubs 사이트에 대한 짧은 미팅입니다,4,0,,0,0,0,0
1166,피아노 연습,1,0,,0,0,0,0
1170,정기공연 연습,10,0,,0,0,0,0
1171,새학 소팀1 회의,10,0,,0,0,0,0
1172,새학 소팀1 회의,10,0,,0,0,0,0
1173,새학 소팀1 회의,10,0,,0,0,0,0
1174,공연 합주 연습,3,4,water,0,0,0,0
1175,합주,6,0,,0,0,0,0
1176,과학퀴즈,10,0,,0,0,0,0
1177,드럼,1,0,,0,0,0,0
1178,연습,10,0,,0,0,0,0
1179,정기공연 연습,10,0,,0,0,0,0
1180,악기연습,1,0,,0,0,0,0
1181,악기연습,1,1,,0,0,0,0
1182,악기연습,1,0,,0,0,0,0
1183,일루젼 정기연습,10,0,,0,0,0,0
1184,개인 연습,1,0,,0,0,0,0
1185,"카이스트 미식축구부 매버릭스와 건국대 레이징불스, 영남대 페가수스 여름 합숙 세미나",20,60,,0,90,0,0
1186,개인연습,10,0,,0,0,0,0
1187,공연준비,10,0,,0,0,0,0
1189,일루젼 카이스트,10,0,,0,0,0,0
1190,Number 춤 연습,10,0,,0,0,0,0
1191,개인 보컬 연습,1,0,,0,0,0,0
1192,Band practice,2,0,,0,0,0,0
1194,피아노,2,0,,0,0,0,0
1195,정기공연 연습,10,0,,0,0,0,0
1196,정기공연 연습,10,0,,0,0,0,0
1197,"카이스트 미식축구부 매버릭스와 건국대 레이징불스, 영남대 페가수스 여름 합숙 세미나",20,60,,0,90,0,0
1199,무대 연습,2,0,,0,0,0,0
1200,안무연습,1,1,,0,0,0,0
1202,정기공연 연습,10,0,,0,0,0,0
1203,정기공연 연습,10,0,,0,0,0,0
1204,정기공연 연습,10,0,,0,0,0,0
1208,새내기학생회 소팀2,10,0,,0,0,0,0
1214,KAMF 외부기획단과 카포전 기획단이 함께 학생부스 관련 2차 간담회를 진행할 예정입니다.,20,0,,0,0,0,0
1215,Practice,1,0,no food,0,0,0,0
1216,[공간위] 피아노 조율 및 수리,10,0,,0,0,0,0
1217,[공간위] 피아노 수리,10,0,,0,0,0,0
1221,드럼연습,10,0,,0,0,0,0
1222,연습,10,0,,0,0,0,0
1223,연습,2,0,,0,0,0,0
1224,공연 합주 연습,3,4,water,0,0,0,0
1225,Practice Session,1,0,,0,0,0,0
1226,연습,10,0,,0,0,0,0
1227,피아노 개인 연습,2,0,,0,0,0,0
1228,피아노 연습,1,1,,0,0,0,0
1229,개인연습,1,0,,0,0,0,0
1230,개인연습,1,0,,0,0,0,0
1231,일루젼 카이스트,10,0,,0,0,0,0
1232,일루젼 카이스트,10,0,,0,0,0,0
1234,버스킹 연습 합주,2,2,,0,0,0,0
1235,버스킹 연습 합주,2,2,,0,0,0,0
1236,개인 보컬 연습,1,0,,0,0,0,0
1238,대학원생들의 학술/친목 모임을 위한 총회 진행,20,0,음식 섭취 X,5,20,0,0
1239,카포전 개막식 연습,7,0,,0,0,0,0
1241,연습,10,0,,0,0,0,0
1243,kickoff meeting,10,0,,0,0,0,0
1244,개인 연습,1,0,,0,0,0,0
1246,연습,2,0,,0,0,0,0
1249,[Number] 가을 정기공연 연습,25,0,,0,0,0,0
1250,일루젼 카이스트,10,0,,0,0,0,0
1251,일루젼 카이스트,10,0,,0,0,0,0
1252,일루젼 카이스트,10,0,,0,0,0,0
1253,일루젼 카이스트,10,0,,0,0,0,0
1254,일루젼 카이스트,10,0,,0,0,0,0
1255,일루젼 카이스트,10,0,,0,0,0,0
1256,일루젼 카이스트,10,0,,0,0,0,0
1257,일루젼 카이스트,10,0,,0,0,0,0
1258,연습,1,1,x,0,1,0,0
1260,[Number] 팀장회의,10,0,,0,0,0,0
1261,[Number] 팀장회의,10,0,,0,0,0,0
1262,[Number] 팀장회의,10,0,,0,0,0,0
1263,메인비즈 & 모스 개발팀 미팅,10,10,,0,0,0,0
1264,개인 악기 연습,1,0,,0,0,0,0
1265,피아노 연습,2,0,,0,0,0,0
1267,악기연습,1,0,,0,0,0,0
1268,악기연습,1,1,,0,0,0,0
1269,악기연습,1,0,,0,0,0,0
1271,개인보컬연습,1,0,,0,0,0,0
1272,:),1,0,,0,0,0,0
1273,:),1,0,,0,0,0,0
1274,피아노 연습,1,0,,0,0,0,0
1275,연습,1,0,,0,0,0,0
1276,개인 연습,1,0,,0,0,0,0
1277,피아노연습,1,0,,0,0,0,0
1278,정기공연 연습,10,0,,0,0,0,0
1279,기타 연습,1,0,ㄷ,0,0,0,0
1281,개인 연습,1,0,,0,0,0,0
1282,연습,1,0,,0,0,0,0
1283,연습,1,0,,0,0,0,0
1284,연습,1,0,,0,0,0,0
1285,영화감상,7,0,,3,7,0,0
1286,.,1,0,,0,0,0,0
1287,동아리 소품 제작에 필요한 재봉틀을 사용할 수 있는지 확인할 예정입니다.,1,0,,1,1,0,0
1288,기타 연습,10,0,,0,0,0,0
1289,개인 연습,1,0,,0,0,0,0
1291,합주,4,0,,0,0,0,0
1314,춤 연습,2,0,,0,0,0,0
1315,연습,2,0,,0,0,0,0
1316,정기공연 연습,10,0,,0,0,0,0
1317,정기공연 연습,10,0,,0,0,0,0
1318,정기공연 연습,10,0,,0,0,0,0
1319,정기공연 연습,10,0,,0,0,0,0
1320,정기공연 연습,10,0,,0,0,0,0
1321,정기공연 연습,10,0,,0,0,0,0
1322,정기공연 연습,10,0,,0,0,0,0
1323,정기공연 연습,10,0,,0,0,0,0
1324,정기공연 연습,10,0,,0,0,0,0
1325,정기공연 연습,10,0,,0,0,0,0
1326,정기공연 연습,10,0,,0,0,0,0
1327,정기공연 연습,10,0,,0,0,0,0
1328,정기공연 연습,10,0,,0,0,0,0
1329,정기공연 연습,10,0,,0,0,0,0
1330,정기공연 연습,10,0,,0,0,0,0
1331,정기공연 연습,10,0,,0,0,0,0
1332,정기공연 연습,10,0,,0,0,0,0
1333,정기공연 연습,10,0,,0,0,0,0
1334,정기공연 연습,10,0,,0,0,0,0
1335,정기공연 연습,10,0,,0,0,0,0
1337,정기공연 연습,10,0,,0,0,0,0
1339,정기공연 연습,10,0,,0,0,0,0
1340,개인 연습,10,0,,0,0,0,0
1341,합주,5,0,,0,0,0,0
1343,상상효과 팀장회의,12,0,,6,12,0,0
1344,piano practice,10,0,,0,0,0,0
1345,개인 연습,1,0,,0,0,0,0
1346,개인연습,1,1,,0,0,0,0
1347,새내기학생회 소팀2,10,0,,0,0,0,0
1348,새내기학생회 소팀2,10,0,,0,0,0,0
1350,[VOK] 모의방송제 및 홈커밍 행사,10,0,,0,0,0,0
1351,[상상효과] 자체 부스 시뮬레이션,10,0,,0,0,0,0
1352,"2025 POSTECH-KAIST 학생대제전(카포전) 준비 및 진행
",10,0,,0,0,0,0
1353,"2025 POSTECH-KAIST 학생대제전(카포전) 준비 및 진행
",10,0,,0,0,0,0
1354,"2025 POSTECH-KAIST 학생대제전(카포전) 준비 및 진행
",10,0,,0,0,0,0
1356,"2025 POSTECH-KAIST 학생대제전(카포전) 준비 및 진행
",10,0,,0,0,0,0
1357,"2025 POSTECH-KAIST 학생대제전(카포전) 준비 및 진행
",10,0,,0,0,0,0
1359,2025 POSTECH-KAIST 학생대제전 (카포전) 준비 및 진행,10,0,,0,0,0,0
1360,2025 POSTECH-KAIST 학생대제전 (카포전) 준비 및 진행,10,0,,0,0,0,0
1361,정기연극 연습,10,0,,0,0,0,0
1362,.,1,0,,0,0,0,0
1363,practice,4,0,,0,0,0,0
1364,카포전개막식연습,7,0,,0,0,0,0
1365,[Number] 가을 정기공연 연습,25,0,,0,0,0,0
1366,"카이스트 미식축구부 매버릭스와 건국대 레이징불스, 영남대 페가수스 여름 합숙 세미나",20,60,,0,90,0,0
1367,"카이스트 미식축구부 매버릭스와 건국대 레이징불스, 영남대 페가수스 여름 합숙 세미나",20,60,,0,90,0,0
1368,"카이스트 미식축구부 매버릭스와 건국대 레이징불스, 영남대 페가수스 여름 합숙 세미나",20,60,,0,90,0,0
1369,"카이스트 미식축구부 매버릭스와 건국대 레이징불스, 영남대 페가수스 여름 합숙 세미나",20,60,,0,90,0,0
1370,"카이스트 미식축구부 매버릭스와 건국대 레이징불스, 영남대 페가수스 여름 합숙 세미나",20,60,,0,90,0,0
1371,개인 연습,1,0,,0,0,0,0
1372,2025 카포전 준비 및 진행,10,0,,0,0,0,0
1373,2025 카포전 준비 및 진행,10,0,,0,0,0,0
1374,연습,5,0,,0,0,0,0
1375,연습,4,0,,0,0,0,0
1398,The class of Dynamic Leadership 3.,10,0,,0,0,0,0
1399,The class of Dynamic Leadership 3.,10,0,,0,0,0,0
1400,The class of Dynamic Leadership 3.,10,0,,0,0,0,0
1401,The class of Dynamic Leadership 3.,10,0,,0,0,0,0
1402,The class of Dynamic Leadership 3.,10,0,,0,0,0,0
1403,The class of Dynamic Leadership 3.,10,0,,0,0,0,0
1404,The class of Dynamic Leadership 3.,10,0,,0,0,0,0
1405,The class of Dynamic Leadership 3.,10,0,,0,0,0,0
1406,The class of Dynamic Leadership 3.,10,0,,0,0,0,0
1407,The class of Dynamic Leadership 3.,10,0,,0,0,0,0
1408,The class of Dynamic Leadership 3.,10,0,,0,0,0,0
1409,The class of Dynamic Leadership 3.,10,0,,0,0,0,0
1410,The class of Dynamic Leadership 3.,10,0,,0,0,0,0
1414,The class of Dynamic Leadership 3.,10,0,,0,0,0,0
1415,개인 악기 연습,1,0,,0,0,0,0
1416,공연 합주 연습,3,4,water,0,0,0,0
1417,포릿 세션_김재권_정원빈_김경래,7,0,,0,0,0,0
1418,인성/리더십 III : 전략게임의 세계,11,0,,0,0,0,0
1419,인성/리더십 III : 전략게임의 세계,11,0,,0,0,0,0
1420,인성/리더십 III : 전략게임의 세계,11,0,,0,0,0,0
1421,인성/리더십 III : 전략게임의 세계,11,0,,0,0,0,0
1422,인성/리더십 III : 전략게임의 세계,11,0,,0,0,0,0
1423,인성/리더십 III : 전략게임의 세계,11,0,,0,0,0,0
1424,인성/리더십 III : 전략게임의 세계,11,0,,0,0,0,0
1425,인성/리더십 III : 전략게임의 세계,11,0,,0,0,0,0
1426,인성/리더십 III : 전략게임의 세계,11,0,,0,0,0,0
1427,인성/리더십 III : 전략게임의 세계,11,0,,0,0,0,0
1428,인성/리더십 III : 전략게임의 세계,11,0,,0,0,0,0
1429,인성/리더십 III : 전략게임의 세계,11,0,,0,0,0,0
1430,인성/리더십 III : 전략게임의 세계,11,0,,0,0,0,0
1431,[Number] 가을 정기공연,28,0,,0,0,0,0
1432,[Number] 가을 정기공연,28,0,,0,0,0,0
1434,개인 피아노 연습을 하고자 합니다,1,0,,0,0,0,0
1436,[Number] 가을 정기공연,28,0,,0,0,0,0
1437,[Number] 가을 정기공연,28,0,,0,0,0,0
1439,밴드를 위한 드럼 연습.,3,0,,0,0,0,0
1440,밴드를 위한 드럼 연습.,3,0,,0,0,0,0
1441,밴드를 위한 드럼 연습.,3,0,,0,0,0,0
1442,.,1,0,,0,0,0,0
1443,연습,1,0,,0,0,0,0
1444,연습,1,0,,0,0,0,0
1445,연습,1,0,,0,0,0,0
1446,연습,1,0,,0,0,0,0
1447,밴드 합주,7,0,,0,0,0,0
1448,밴드 합주,7,0,,0,0,0,0
1449,연습,4,0,,0,0,0,0
1450,펜레터 관극,5,0,,3,5,0,0
1451,개인연습,1,0,,0,0,0,0
1452,개인연습,1,1,,0,0,0,0
1453,개인연습,1,0,,0,0,0,0
1454,연습,10,0,,0,0,0,0
1455,개인연습,1,0,,0,0,0,0
1456,개인연습,1,0,,0,0,0,0
1457,[Number] 가을 정기 공연,28,0,,0,0,0,0
1458,개인 악기 연습,1,0,,0,0,0,0
1459,드럼연습,1,0,,0,0,0,0
1460,루나틱 리크루팅을 위한 오픈동방배틀,30,30,,0,0,0,0
1461,루나틱 개강총회 ,30,0,,0,0,0,0
1462,행사준비,10,0,,0,0,0,0
1463,행사연습,10,0,,0,0,0,0
1464,천문 세미나,10,10,,0,0,0,0
1465,천문 세미나,10,10,,0,0,0,0
1466,천문 세미나,10,10,,0,0,0,0
1467,천문 세미나,10,10,,0,0,0,0
1468,천문세미나,10,0,,0,0,0,0
1469,천문세미나,10,0,,0,0,0,0
1470,동틀 x 티디 x 창동 연합 개강공연!,42,100,,1,0,0,0
1471,후기새터기획단 소팀 2 시뮬레이션,15,0,,0,0,0,0
1472,[VOK] 모의방송제 리허설,10,0,,0,0,0,0
1473,9월 12일 뮤지컬 갈라쇼를 위한 총 리허설,20,0,,0,5,0,0
1474,뮤지컬 갈라쇼 준비 및 진행,30,20,,3,50,0,0
1475,재배치 실적 채점 운영위원회 (예년 10시간 소요),15,0,심사를 진행하는 운영위원 분들께 저녁을 제공드릴 예정입니다. (메뉴 미정),0,0,0,0
1476,재배치 내부 활성도 채점 운위 (예년 20시간 소요),15,0,심사를 진행하는 운영위원 분들께 저녁을 제공드릴 예정입니다. (메뉴 미정),0,0,0,0
1477,드럼,1,0,,0,0,0,0
1478,동아리 내부 시츠프로브,15,0,,0,0,0,0
1479,연습,1,0,.,1,1,0,0
1480,KAIST CHORUS 홈커밍데이,30,70,도시락 (저녁 식사),20,100,0,0
1482,VOK 모의방송제 사전점검,4,0,,0,0,0,0
1483,후기 새내기새로배움터 소팀 2 시뮬레이션,10,0,,0,0,0,0
1484,후기 새내기새로배움터 소팀 2 시뮬레이션,10,0,,0,0,0,0
1485,연습,4,0,,0,0,0,0
1486,카포전개막식,10,0,,0,0,0,0
1487,남혜린,7,0,,0,0,0,0
1488,연습,10,0,,0,0,0,0
1489,김대용,1,0,,0,0,0,0
1490,연습,4,0,,0,0,0,0
1491,버스킹,2,3,,0,0,0,0
1492,.,1,0,,0,0,0,0
1493,연습,1,0,,0,0,0,0
1494,연습,1,0,,0,0,0,0
1495,연습,1,0,,0,0,0,0
1496,회의,5,0,,0,0,0,0
1497,연습,10,0,,0,0,0,0
1499,마요네즈 합주,10,0,,0,0,0,0
1500,개인 연습,1,1,,0,0,0,0
1501,개인 연습,1,0,,0,0,0,0
1502,개인 연습,1,0,,0,0,0,0
1503,학생복지위원회 여름 대회의,28,0,,10,28,0,0
1504,[Number] 팀장회의,10,0,,0,0,0,0
1505,[Number] 팀장회의,10,0,,0,0,0,0
1506,[Number] 팀장회의,10,0,,0,0,0,0
1507,[Number] 팀장회의,10,0,,0,0,0,0
1508,보크연극점검합니다,8,0,,0,0,0,0
1509,긴급 간부 회의,8,0,,0,0,0,0
1510,vok 긴급 간부 회의,10,0,,0,0,0,0
1511,vok 긴급 간부 회의,10,0,,0,0,0,0
1512,행사준비,10,0,,0,0,0,0
1515,행사준비,10,0,,0,0,0,0
1516,행사준비,10,0,,0,0,0,0
1517,메이커톤,10,1,,0,0,0,0
1518,정기공연 연습,10,0,,0,0,0,0
1519,개인연습,10,0,,0,0,0,0
1520,연습,1,0,,0,0,0,0
1521,연습,1,0,,0,0,0,0
1522,연습,1,0,,0,0,0,0
1526,"동아리 연합회에서 진행하는 행사입니다. 약 20개의 동아리가 참여하며 테이블과 세로 배너만 사용 할 예정입니다.
",100,0,음식물은 반입 제한 할 예정입니다.,20,40,0,0
1527,버스킹,2,3,,0,0,0,0
1528,새내기학생회 소팀2,10,0,,0,0,0,0
1529,피아노 연습,1,0,,0,0,0,0
1530,박서우,10,0,,0,0,0,0
1533,개인 연습,1,0,,0,0,0,0
1534,개인 연습,1,0,,0,0,0,0
1535,상상효과 팀장회의,12,0,,6,12,0,0
1536,행사준비위원회 상상효과 자체부스 시뮬레이션,10,0,,0,0,0,0
1537,연습,1,0,,0,0,0,0
1538,개인연습,1,0,water,0,0,0,0
1550,.,1,0,,0,0,0,0
1551,드럼,1,0,,0,0,0,0
1552,밴드 합주 ,4,0,,0,0,0,0
1553,개인연습,1,0,.,1,1,0,0
1555,개인 보컬 연습,1,0,,0,0,0,0
1556,연습,4,0,,0,0,0,0
1557,합쥬,10,0,,0,0,0,0
1558,합쥬오예,10,0,,0,0,0,0
1559,밴드합주,6,0,,0,0,0,0
1560,밴드합주,6,0,,0,0,0,0
1561,"루나틱 장르선정회의
",10,0,,0,0,0,0
1564,매년 가을에 진행하는 Praiser 정기공연입니다.,17,50,,0,0,0,0
1565,"매년 가을에 진행하는 Praiser 정기공연의 악기 세팅, 음향 체크 및 리허설입니다.",17,0,,0,0,0,0
1566,정기공연 일주일 전에 진행하는 총연습입니다. ,17,0,,0,0,0,0
1567,모의방송제 사전답사 ,8,0,,0,0,0,0
1591,벼락치기,4,2,,0,0,0,0
1592,벼락치기,4,3,,0,0,0,0
1593,공연 합주 연습,4,3,,0,0,0,0
1596,카포전 공연 준비,1,0,,0,0,0,0
1597,Practice ,10,0,_,0,0,0,0
1600,정기공연 연습,10,0,,0,0,0,0
1601,개인연습,1,0,,0,0,0,0
1602,마요네즈 합주,10,0,,0,0,0,0
1611,개강공연,30,0,,0,0,0,0
1612,연습,1,0,,0,0,0,0
1613,연습,1,0,,0,0,0,0
1614,개인 연습,1,0,,0,0,0,0
1615,연습,1,1,,0,0,0,0
1616,피아노 연습,2,0,,0,0,0,0
1617,피아노 연습,2,0,,0,0,0,0
1618,가을학기 맞이 대화형 그룹 버스킹 공연,4,4,,1,5,0,0
1622,바이올린 연습,2,0,없음,1,2,0,0
1623,Individual Violin Practice.,1,0,"No food, coffee only",0,0,0,0
1624,연습,3,0,,0,0,0,0
1625,장성원,8,0,,0,0,0,0
1628,공연,10,0,,0,0,0,0
1631,공연전 준비 및 리허설,48,100,,0,0,0,0
1632,드럼,1,0,,0,0,0,0
1633,.,1,0,,0,0,0,0
1634,드럼,1,0,,0,0,0,0
1638,공연준비 및 리허설,48,100,,0,0,0,0
1639,공연준비 및 리허설,48,100,,0,0,0,0
1640,드럼 연습,10,0,,0,0,0,0
1641,Dance Practice,10,0,,0,0,0,0
1642,김나영,10,0,,0,0,0,0
1643,가을학기 개강을 맞이해 강적의 개강공연을 개최하기 위함입니다.,20,50,,0,0,0,0
1644,개인연습,10,0,,0,0,0,0
1646,정기공연 연습,10,0,,0,0,0,0
1647,공연 준비,1,1,,0,0,0,0
1649,카이스트 협동조합 음악강좌 수업,20,0,,0,0,0,0
1650,카이스트 협동조합 음악강좌 수업,20,0,,0,0,0,0
1651,카이스트 협동조합 음악강좌 수업,20,0,,0,0,0,0
1652,카이스트 협동조합 음악강좌 수업,20,0,,0,0,0,0
1653,카이스트 협동조합 음악강좌 수업,20,0,,0,0,0,0
1654,카이스트 협동조합 음악강좌 수업,20,0,,0,0,0,0
1655,카이스트 협동조합 음악강좌 수업,20,0,,0,0,0,0
1656,카이스트 협동조합 음악강좌 수업,20,0,,0,0,0,0
1657,카이스트 협동조합 음악강좌 수업,20,0,,0,0,0,0
1658,카이스트 협동조합 음악강좌 수업,20,0,,0,0,0,0
1659,카이스트 협동조합 음악강좌 수업,20,0,,0,0,0,0
1660,카이스트 협동조합 음악강좌 수업,20,0,,0,0,0,0
1661,카이스트 협동조합 음악강좌 수업,20,0,,0,0,0,0
1662,카이스트 협동조합 음악강좌 수업,20,0,,0,0,0,0
1663,카이스트 협동조합 음악강좌 수업,20,0,,0,0,0,0
1664,카이스트 협동조합 음악강좌 수업,20,0,,0,0,0,0
1665,카이스트 협동조합 음악강좌 수업,20,0,,0,0,0,0
1666,카이스트 협동조합 음악강좌 수업,20,0,,0,0,0,0
1667,카이스트 협동조합 음악강좌 수업,20,0,,0,0,0,0
1668,카이스트 협동조합 음악강좌 수업,20,0,,0,0,0,0
1669,카이스트 협동조합 음악강좌 수업,20,0,,0,0,0,0
1670,카이스트 협동조합 음악강좌 수업,20,0,,0,0,0,0
1671,카이스트 협동조합 음악강좌 수업,20,0,,0,0,0,0
1672,카이스트 협동조합 음악강좌 수업,20,0,,0,0,0,0
1673,카이스트 협동조합 음악강좌 수업,20,0,,0,0,0,0
1674,카이스트 협동조합 음악강좌 수업,20,0,,0,0,0,0
1675,카이스트 협동조합 음악강좌 수업,20,0,,0,0,0,0
1676,카이스트 협동조합 음악강좌 수업,20,0,,0,0,0,0
1677,카이스트 협동조합 음악강좌 수업,20,0,,0,0,0,0
1678,카이스트 협동조합 음악강좌 수업,20,0,,0,0,0,0
1679,카이스트 협동조합 음악강좌 수업,20,0,,0,0,0,0
1680,카이스트 협동조합 음악강좌 수업,20,0,,0,0,0,0
1681,카이스트 협동조합 음악강좌 수업,20,0,,0,0,0,0
1682,카이스트 협동조합 음악강좌 수업,20,0,,0,0,0,0
1683,카이스트 협동조합 음악강좌 수업,20,0,,0,0,0,0
1684,카이스트 협동조합 음악강좌 수업,20,0,,0,0,0,0
1685,카이스트 협동조합 음악강좌 수업,20,0,,0,0,0,0
1686,카이스트 협동조합 음악강좌 수업,20,0,,0,0,0,0
1687,카이스트 협동조합 음악강좌 수업,20,0,,0,0,0,0
1688,카이스트 협동조합 음악강좌 수업,20,0,,0,0,0,0
1689,카이스트 협동조합 음악강좌 수업,20,0,,0,0,0,0
1690,카이스트 협동조합 음악강좌 수업,20,0,,0,0,0,0
1691,카이스트 협동조합 음악강좌 수업,20,0,,0,0,0,0
1692,카이스트 협동조합 음악강좌 수업,20,0,,0,0,0,0
1693,카이스트 협동조합 음악강좌 수업,20,0,,0,0,0,0
1695,카이스트 협동조합 음악강좌 수업,20,0,,0,0,0,0
1696,카이스트 협동조합 음악강좌 수업,20,0,,0,0,0,0
1697,카이스트 협동조합 음악강좌 수업,20,0,,0,0,0,0
1698,카이스트 협동조합 음악강좌 수업,20,0,,0,0,0,0
1699,카이스트 협동조합 음악강좌 수업,20,0,,0,0,0,0
1700,카이스트 협동조합 음악강좌 수업,20,0,,0,0,0,0
1701,카이스트 협동조합 음악강좌 수업,20,0,,0,0,0,0
1702,카이스트 협동조합 음악강좌 수업,20,0,,0,0,0,0
1703,카이스트 협동조합 음악강좌 수업,20,0,,0,0,0,0
1704,카이스트 협동조합 음악강좌 수업,20,0,,0,0,0,0
1705,카이스트 협동조합 음악강좌 수업,20,0,,0,0,0,0
1706,카이스트 협동조합 음악강좌 수업,20,0,,0,0,0,0
1707,카이스트 협동조합 음악강좌 수업,20,0,,0,0,0,0
1708,카이스트 협동조합 음악강좌 수업,20,0,,0,0,0,0
1709,카이스트 협동조합 음악강좌 수업,20,0,,0,0,0,0
1710,카이스트 협동조합 음악강좌 수업,20,0,,0,0,0,0
1711,카이스트 협동조합 음악강좌 수업,20,0,,0,0,0,0
1712,카이스트 협동조합 음악강좌 수업,20,0,,0,0,0,0
1713,카이스트 협동조합 음악강좌 수업,20,0,,0,0,0,0
1714,카이스트 협동조합 음악강좌 수업,20,0,,0,0,0,0
1715,카이스트 협동조합 음악강좌 수업,20,0,,0,0,0,0
1716,카이스트 협동조합 음악강좌 수업,20,0,,0,0,0,0
1717,카이스트 협동조합 음악강좌 수업,20,0,,0,0,0,0
1718,카이스트 협동조합 음악강좌 수업,20,0,,0,0,0,0
1719,카이스트 협동조합 음악강좌 수업,20,0,,0,0,0,0
1720,카이스트 협동조합 음악강좌 수업,20,0,,0,0,0,0
1721,카이스트 협동조합 음악강좌 수업,20,0,,0,0,0,0
1722,카이스트 협동조합 음악강좌 수업,20,0,,0,0,0,0
1723,카이스트 협동조합 음악강좌 수업,20,0,,0,0,0,0
1724,카이스트 협동조합 음악강좌 수업,20,0,,0,0,0,0
1725,카이스트 협동조합 음악강좌 수업,20,0,,0,0,0,0
1726,카이스트 협동조합 음악강좌 수업,20,0,,0,0,0,0
1727,카이스트 협동조합 음악강좌 수업,20,0,,0,0,0,0
1728,카이스트 협동조합 음악강좌 수업,20,0,,0,0,0,0
1729,카이스트 협동조합 음악강좌 수업,20,0,,0,0,0,0
1730,카이스트 협동조합 음악강좌 수업,20,0,,0,0,0,0
1731,카이스트 협동조합 음악강좌 수업,20,0,,0,0,0,0
1732,카이스트 협동조합 음악강좌 수업,20,0,,0,0,0,0
1733,카이스트 협동조합 음악강좌 수업,20,0,,0,0,0,0
1734,카이스트 협동조합 음악강좌 수업,20,0,,0,0,0,0
1735,카이스트 협동조합 음악강좌 수업,20,0,,0,0,0,0
1736,카이스트 협동조합 음악강좌 수업,20,0,,0,0,0,0
1737,카이스트 협동조합 음악강좌 수업,20,0,,0,0,0,0
1738,카이스트 협동조합 음악강좌 수업,20,0,,0,0,0,0
1739,카이스트 협동조합 음악강좌 수업,20,0,,0,0,0,0
1740,카이스트 협동조합 음악강좌 수업,20,0,,0,0,0,0
1741,카이스트 협동조합 음악강좌 수업,20,0,,0,0,0,0
1742,카이스트 협동조합 음악강좌 수업,20,0,,0,0,0,0
1743,카이스트 협동조합 음악강좌 수업,20,0,,0,0,0,0
1744,카이스트 협동조합 음악강좌 수업,20,0,,0,0,0,0
1745,카이스트 협동조합 음악강좌 수업,20,0,,0,0,0,0
1746,카이스트 협동조합 음악강좌 수업,20,0,,0,0,0,0
1747,카이스트 협동조합 음악강좌 수업,20,0,,0,0,0,0
1748,카이스트 협동조합 음악강좌 수업,20,0,,0,0,0,0
1749,카이스트 협동조합 음악강좌 수업,20,0,,0,0,0,0
1750,카이스트 협동조합 음악강좌 수업,20,0,,0,0,0,0
1751,카이스트 협동조합 음악강좌 수업,20,0,,0,0,0,0
1752,카이스트 협동조합 음악강좌 수업,20,0,,0,0,0,0
1753,카이스트 협동조합 음악강좌 수업,20,0,,0,0,0,0
1754,카이스트 협동조합 음악강좌 수업,20,0,,0,0,0,0
1755,카이스트 협동조합 음악강좌 수업,20,0,,0,0,0,0
1756,카이스트 협동조합 음악강좌 수업,20,0,,0,0,0,0
1757,카이스트 협동조합 음악강좌 수업,20,0,,0,0,0,0
1758,카이스트 협동조합 음악강좌 수업,20,0,,0,0,0,0
1759,카이스트 협동조합 음악강좌 수업,20,0,,0,0,0,0
1760,카이스트 협동조합 음악강좌 수업,20,0,,0,0,0,0
1761,카이스트 협동조합 음악강좌 수업,20,0,,0,0,0,0
1762,카이스트 협동조합 음악강좌 수업,20,0,,0,0,0,0
1763,카이스트 협동조합 음악강좌 수업,20,0,,0,0,0,0
1764,카이스트 협동조합 음악강좌 수업,20,0,,0,0,0,0
1765,카이스트 협동조합 음악강좌 수업,20,0,,0,0,0,0
1766,카이스트 협동조합 음악강좌 수업,20,0,,0,0,0,0
1767,카이스트 협동조합 음악강좌 수업,20,0,,0,0,0,0
1768,카이스트 협동조합 음악강좌 수업,20,0,,0,0,0,0
1769,카이스트 협동조합 음악강좌 수업,20,0,,0,0,0,0
1770,카이스트 협동조합 음악강좌 수업,20,0,,0,0,0,0
1771,카이스트 협동조합 음악강좌 수업,20,0,,0,0,0,0
1772,카이스트 협동조합 음악강좌 수업,20,0,,0,0,0,0
1773,행사준비위원회 상상효과 팀장회의,10,0,,0,0,0,0
1785,공연 합주 연습,4,5,,0,0,0,0
1814,무대시설 개선을 위한 공사 대비 실측,5,0,,0,0,0,0
1815,무대시설 개선을 위한 공사,5,0,,0,0,0,0
1816,드럼,1,0,,0,0,0,0
1818,"시험기간에는 세미나실 예약이 불가능하며, 누구나 자유롭게 사용할 수 있습니다!",0,0,,0,0,0,0
1820,"시험기간에는 세미나실 예약이 불가능하며, 누구나 자유롭게 사용할 수 있습니다!",0,0,,0,0,0,0
1821,"시험기간에는 세미나실 예약이 불가능하며, 누구나 자유롭게 사용할 수 있습니다!",0,0,,0,0,0,0
1822,"시험기간에는 세미나실 예약이 불가능하며, 누구나 자유롭게 사용할 수 있습니다!",0,0,,0,0,0,0
1823,장성원,10,0,,0,0,0,0
1824,합죽이,4,3,no,0,0,0,0
1825,김대용,1,1,,1,0,0,0
1826,공연 합주 연습,4,6,,0,0,0,0
1827,합주,3,3,,0,0,0,0
1828,합주,3,3,,0,0,0,0
1830,.,10,0,,0,0,0,0
1831,PlanB의 개강공연이 진행됩니다.,30,20,반입하지 않습니다.,4,100,0,0
1832,개인연습,1,0,,0,0,0,0
1833,개인연습,1,1,,0,0,0,0
1834,개인연습,1,0,,0,0,0,0
1835,개인연습,1,0,,0,0,0,0
1836,개인연습,1,0,,0,0,0,0
1837,연습,4,0,,0,0,0,0
1838,드럼 연습,1,0,,0,0,0,0
1839,드럼연습,1,0,,0,0,0,0
1840,연습,1,0,,0,0,0,0
1841,연습,1,0,,0,0,0,0
1842,연습,1,0,,0,0,0,0
1843,연습,1,0,,0,0,0,0
1844,연습,1,0,,0,0,0,0
1845,연습,1,0,,0,0,0,0
1846,연습,1,0,,0,0,0,0
1847,연습,1,0,,0,0,0,0
1848,연습,1,0,,0,0,0,0
1849,연습,1,0,,0,0,0,0
1850,연습,1,0,,0,0,0,0
1851,연습,1,0,,0,0,0,0
1852,연습,1,0,,0,0,0,0
1854,연습,10,0,,0,0,0,0
1855,연습,10,0,,1,0,0,0
1857,"시험기간에는 세미나실 예약이 불가능하며, 누구나 자유롭게 사용할 수 있습니다!",0,0,,0,0,0,0
1858,"시험기간에는 세미나실 예약이 불가능하며, 누구나 자유롭게 사용할 수 있습니다!",0,0,,0,0,0,0
1859,곰발바닥 개강맞이 전시회 진행을 위해 예약 신청합니다,10,15,,1,0,0,0
1860,곰발바닥 개강맞이 전시회 진행을 위해 예약합니다.,10,15,,1,0,0,0
1861,곰발바닥 개강맞이 전시회 진행을 위해 예약합니다.,10,15,,1,0,0,0
1862,곰발바닥 개강맞이 전시회 진행을 위해 예약합니다.,10,15,,1,0,0,0
1863,곰발바닥 개강맞이 전시회 진행을 위해 예약합니다.,10,15,,1,0,0,0
1864,곰발바닥 개강맞이 전시회 진행을 위해 예약합니다.,10,15,,1,0,0,0
1865,드럼 개인 연습,1,0,X,0,0,0,0
1866,드럼 개인 연습,1,0,X,0,0,0,0
1867,연습,1,0,,0,0,0,0
1871,드럼 연습,10,0,,0,0,0,0
1873,고등학생 20여명을 대상으로 카이스트 재학생들이 멘토링 프로그램 진행,10,20,,6,30,0,0
1874,개인 연습,1,0,,0,0,0,0
1875,드럼,1,0,,0,0,0,0
1876,개인연습,1,1,,0,0,0,0
1877,개인연습,1,0,,0,0,0,0
1878,개인연습,1,0,,0,0,0,0
1879,개인연습,1,0,,0,0,0,0
1881,연습,1,0,,0,0,0,0
1882,연습,4,0,,0,0,0,0
1883,개강을 맞아 미사를 엽니다. 궁동성당의 보좌신부님이 집전해주시고 카이스트 구성원 모두 참여할 수 있도록 할 예정입니다.,30,3,,0,40,0,0
1884,피아노 연습,10,0,,0,0,0,0
1885,.,1,0,,0,0,0,0
1886,개인연습,1,0,,0,0,0,0
1887,개인연습,1,0,,1,0,0,0
1888,연습,10,0,,0,0,0,0
1890,연습,4,0,,0,0,0,0
1903,제목과 같음,6,0,,0,0,0,0
1906,포스텍 행사준비 위원회 측과 합동 회의,10,10,,0,0,0,0
1907,Practice,1,0,,0,0,0,0
1908,Practice,1,0,,0,0,0,0
1909,Practice,1,0,,0,0,0,0
1910,연습,1,0,,0,0,0,0
1911,정기모임,25,0,,0,0,0,0
1912,연습,10,0,,0,0,0,0
1913,은막 2025 여름 영화 촬영,10,10,,0,0,0,0
1914,은막 2025여름영화 촬영,10,10,,0,0,0,0
1915,40대 아나운서부,6,0,,0,0,0,0
1916,마요네즈,5,0,,0,0,0,0
1917,Violin Practice,1,1,none,0,1,0,0
1918,피아노 연습,1,0,,0,0,0,0
1919,바이올린을 연습합니다,3,0,,3,3,0,0
1920,플룻연습,1,0,,0,1,0,0
1921,Violin practice,3,0,,0,0,0,0
1922,.,1,0,,0,0,0,0
1923,.,1,0,,0,0,0,0
1924,.,1,0,,0,0,0,0
1925,.,1,0,,0,0,0,0
1926,.,1,0,,0,0,0,0
1927,Piano practice,1,1,,0,1,0,0
1928,개인연습,1,0,,0,0,0,0
1929,피아노 반주 연습,1,0,,0,0,0,0
1930,연습,1,0,,0,0,0,0
1931,팀장 회의,10,0,,0,0,0,0
1932,팀장 회의,10,0,,0,0,0,0
1933,테스트,10,0,,0,0,0,0
1934,세미나실 정기예약 [행사준비위원회 상상효과],20,0,,10,10,0,0
1935,세미나실 정기예약 [행사준비위원회 상상효과],20,0,,10,10,0,0
1936,세미나실 정기예약 [행사준비위원회 상상효과],20,0,,10,10,0,0
1937,세미나실 정기예약 [행사준비위원회 상상효과],20,0,,10,10,0,0
1938,세미나실 정기예약 [행사준비위원회 상상효과],20,0,,10,10,0,0
1939,세미나실 정기예약 [행사준비위원회 상상효과],20,0,,10,10,0,0
1940,세미나실 정기예약 [행사준비위원회 상상효과],20,0,,10,10,0,0
1941,세미나실 정기예약 [행사준비위원회 상상효과],20,0,,10,10,0,0
1942,세미나실 정기예약 [행사준비위원회 상상효과],20,0,,10,10,0,0
1943,세미나실 정기예약 [행사준비위원회 상상효과],20,0,,10,10,0,0
1944,세미나실 정기예약 [행사준비위원회 상상효과],20,0,,10,10,0,0
1945,세미나실 정기예약 [행사준비위원회 상상효과],20,0,,10,10,0,0
1946,세미나실 정기예약 [행사준비위원회 상상효과],20,0,,10,10,0,0
1947,세미나실 정기예약 [행사준비위원회 상상효과],20,0,,10,10,0,0
1948,세미나실 정기예약 [행사준비위원회 상상효과],20,0,,10,10,0,0
1949,세미나실 정기예약 [행사준비위원회 상상효과],20,0,,10,10,0,0
1950,세미나실 정기예약 [행사준비위원회 상상효과],20,0,,10,10,0,0
1951,세미나실 정기예약 [행사준비위원회 상상효과],20,0,,10,10,0,0
1952,세미나실 정기예약 [행사준비위원회 상상효과],20,0,,10,10,0,0
1953,세미나실 정기예약 [행사준비위원회 상상효과],20,0,,10,10,0,0
1954,세미나실 정기예약 [행사준비위원회 상상효과],20,0,,10,10,0,0
1955,세미나실 정기예약 [행사준비위원회 상상효과],20,0,,10,10,0,0
1956,세미나실 정기예약 [행사준비위원회 상상효과],20,0,,10,10,0,0
1957,세미나실 정기예약 [행사준비위원회 상상효과],20,0,,10,10,0,0
1958,세미나실 정기예약 [행사준비위원회 상상효과],20,0,,10,10,0,0
1959,세미나실 정기예약 [행사준비위원회 상상효과],20,0,,10,10,0,0
1960,세미나실 정기예약 [행사준비위원회 상상효과],20,0,,10,10,0,0
1961,세미나실 정기예약 [행사준비위원회 상상효과],20,0,,10,10,0,0
1962,세미나실 정기예약 [행사준비위원회 상상효과],20,0,,10,10,0,0
1963,세미나실 정기예약 [행사준비위원회 상상효과],20,0,,10,10,0,0
1964,세미나실 정기예약 [행사준비위원회 상상효과],20,0,,10,10,0,0
1965,세미나실 정기예약 [행사준비위원회 상상효과],20,0,,10,10,0,0
1966,세미나실 정기예약 [행사준비위원회 상상효과],20,0,,10,10,0,0
1967,세미나실 정기예약 [행사준비위원회 상상효과],20,0,,10,10,0,0
1968,세미나실 정기예약 [행사준비위원회 상상효과],20,0,,10,10,0,0
1969,세미나실 정기예약 [행사준비위원회 상상효과],20,0,,10,10,0,0
1972,세미나실 정기예약 [INFINITE],20,0,,10,10,0,0
1973,세미나실 정기예약 [INFINITE],20,0,,10,10,0,0
1974,세미나실 정기예약 [INFINITE],20,0,,10,10,0,0
1975,세미나실 정기예약 [INFINITE],20,0,,10,10,0,0
1976,세미나실 정기예약 [INFINITE],20,0,,10,10,0,0
1977,세미나실 정기예약 [INFINITE],20,0,,10,10,0,0
1978,세미나실 정기예약 [INFINITE],20,0,,10,10,0,0
1979,세미나실 정기예약 [INFINITE],20,0,,10,10,0,0
1980,세미나실 정기예약 [INFINITE],20,0,,10,10,0,0
1981,세미나실 정기예약 [INFINITE],20,0,,10,10,0,0
1982,세미나실 정기예약 [INFINITE],20,0,,10,10,0,0
1983,세미나실 정기예약 [INFINITE],20,0,,10,10,0,0
1984,세미나실 정기예약 [INFINITE],20,0,,10,10,0,0
1985,세미나실 정기예약 [INFINITE],20,0,,10,10,0,0
1986,세미나실 정기예약 [INFINITE],20,0,,10,10,0,0
1987,세미나실 정기예약 [INFINITE],20,0,,10,10,0,0
1988,세미나실 정기예약 [INFINITE],20,0,,10,10,0,0
1989,세미나실 정기예약 [INFINITE],20,0,,10,10,0,0
1990,세미나실 정기예약 [INFINITE],20,0,,10,10,0,0
1991,세미나실 정기예약 [INFINITE],20,0,,10,10,0,0
1992,세미나실 정기예약 [INFINITE],20,0,,10,10,0,0
1993,세미나실 정기예약 [INFINITE],20,0,,10,10,0,0
1994,세미나실 정기예약 [INFINITE],20,0,,10,10,0,0
1995,세미나실 정기예약 [INFINITE],20,0,,10,10,0,0
1996,세미나실 정기예약 [메추리 수프],20,0,,10,10,0,0
1997,세미나실 정기예약 [메추리 수프],20,0,,10,10,0,0
1998,세미나실 정기예약 [메추리 수프],20,0,,10,10,0,0
1999,세미나실 정기예약 [메추리 수프],20,0,,10,10,0,0
2000,세미나실 정기예약 [메추리 수프],20,0,,10,10,0,0
2001,세미나실 정기예약 [메추리 수프],20,0,,10,10,0,0
2002,세미나실 정기예약 [메추리 수프],20,0,,10,10,0,0
2003,세미나실 정기예약 [메추리 수프],20,0,,10,10,0,0
2004,세미나실 정기예약 [메추리 수프],20,0,,10,10,0,0
2005,세미나실 정기예약 [메추리 수프],20,0,,10,10,0,0
2006,세미나실 정기예약 [메추리 수프],20,0,,10,10,0,0
2007,세미나실 정기예약 [메추리 수프],20,0,,10,10,0,0
2008,세미나실 정기예약 [TEDxKAIST],20,0,,10,10,0,0
2009,세미나실 정기예약 [TEDxKAIST],20,0,,10,10,0,0
2010,세미나실 정기예약 [TEDxKAIST],20,0,,10,10,0,0
2011,세미나실 정기예약 [TEDxKAIST],20,0,,10,10,0,0
2012,세미나실 정기예약 [TEDxKAIST],20,0,,10,10,0,0
2013,세미나실 정기예약 [TEDxKAIST],20,0,,10,10,0,0
2014,세미나실 정기예약 [TEDxKAIST],20,0,,10,10,0,0
2015,세미나실 정기예약 [TEDxKAIST],20,0,,10,10,0,0
2016,세미나실 정기예약 [TEDxKAIST],20,0,,10,10,0,0
2017,세미나실 정기예약 [TEDxKAIST],20,0,,10,10,0,0
2018,세미나실 정기예약 [TEDxKAIST],20,0,,10,10,0,0
2019,세미나실 정기예약 [TEDxKAIST],20,0,,10,10,0,0
2020,세미나실 정기예약 [TEDxKAIST],20,0,,10,10,0,0
2021,세미나실 정기예약 [TEDxKAIST],20,0,,10,10,0,0
2022,세미나실 정기예약 [TEDxKAIST],20,0,,10,10,0,0
2023,세미나실 정기예약 [TEDxKAIST],20,0,,10,10,0,0
2024,세미나실 정기예약 [TEDxKAIST],20,0,,10,10,0,0
2025,세미나실 정기예약 [TEDxKAIST],20,0,,10,10,0,0
2026,세미나실 정기예약 [TEDxKAIST],20,0,,10,10,0,0
2027,세미나실 정기예약 [TEDxKAIST],20,0,,10,10,0,0
2028,세미나실 정기예약 [TEDxKAIST],20,0,,10,10,0,0
2029,세미나실 정기예약 [TEDxKAIST],20,0,,10,10,0,0
2030,세미나실 정기예약 [TEDxKAIST],20,0,,10,10,0,0
2031,세미나실 정기예약 [TEDxKAIST],20,0,,10,10,0,0
2032,세미나실 정기예약 [TEDxKAIST],20,0,,10,10,0,0
2033,세미나실 정기예약 [TEDxKAIST],20,0,,10,10,0,0
2034,세미나실 정기예약 [TEDxKAIST],20,0,,10,10,0,0
2035,세미나실 정기예약 [TEDxKAIST],20,0,,10,10,0,0
2036,세미나실 정기예약 [TEDxKAIST],20,0,,10,10,0,0
2037,세미나실 정기예약 [TEDxKAIST],20,0,,10,10,0,0
2038,세미나실 정기예약 [TEDxKAIST],20,0,,10,10,0,0
2039,세미나실 정기예약 [TEDxKAIST],20,0,,10,10,0,0
2040,세미나실 정기예약 [TEDxKAIST],20,0,,10,10,0,0
2041,세미나실 정기예약 [TEDxKAIST],20,0,,10,10,0,0
2042,세미나실 정기예약 [TEDxKAIST],20,0,,10,10,0,0
2043,세미나실 정기예약 [TEDxKAIST],20,0,,10,10,0,0
2044,세미나실 정기예약 [KAIST Undergraduate Student Clubs Union],20,0,,10,10,0,0
2045,세미나실 정기예약 [KAIST Undergraduate Student Clubs Union],20,0,,10,10,0,0
2046,세미나실 정기예약 [KAIST Undergraduate Student Clubs Union],20,0,,10,10,0,0
2047,세미나실 정기예약 [KAIST Undergraduate Student Clubs Union],20,0,,10,10,0,0
2048,세미나실 정기예약 [KAIST Undergraduate Student Clubs Union],20,0,,10,10,0,0
2049,세미나실 정기예약 [KAIST Undergraduate Student Clubs Union],20,0,,10,10,0,0
2050,세미나실 정기예약 [KAIST Undergraduate Student Clubs Union],20,0,,10,10,0,0
2051,세미나실 정기예약 [KAIST Undergraduate Student Clubs Union],20,0,,10,10,0,0
2052,세미나실 정기예약 [KAIST Undergraduate Student Clubs Union],20,0,,10,10,0,0
2053,세미나실 정기예약 [KAIST Undergraduate Student Clubs Union],20,0,,10,10,0,0
2054,세미나실 정기예약 [KAIST Undergraduate Student Clubs Union],20,0,,10,10,0,0
2055,세미나실 정기예약 [KAIST Undergraduate Student Clubs Union],20,0,,10,10,0,0
2056,세미나실 정기예약 [Number],20,0,,10,10,0,0
2057,세미나실 정기예약 [Number],20,0,,10,10,0,0
2058,세미나실 정기예약 [Number],20,0,,10,10,0,0
2059,세미나실 정기예약 [Number],20,0,,10,10,0,0
2060,세미나실 정기예약 [Number],20,0,,10,10,0,0
2061,세미나실 정기예약 [Number],20,0,,10,10,0,0
2062,세미나실 정기예약 [Number],20,0,,10,10,0,0
2063,세미나실 정기예약 [Number],20,0,,10,10,0,0
2064,세미나실 정기예약 [Number],20,0,,10,10,0,0
2065,세미나실 정기예약 [Number],20,0,,10,10,0,0
2066,세미나실 정기예약 [Number],20,0,,10,10,0,0
2067,세미나실 정기예약 [Number],20,0,,10,10,0,0
2068,세미나실 정기예약 [전산학부 집행위],20,0,,10,10,0,0
2069,세미나실 정기예약 [전산학부 집행위],20,0,,10,10,0,0
2070,세미나실 정기예약 [전산학부 집행위],20,0,,10,10,0,0
2071,세미나실 정기예약 [전산학부 집행위],20,0,,10,10,0,0
2072,세미나실 정기예약 [전산학부 집행위],20,0,,10,10,0,0
2073,세미나실 정기예약 [전산학부 집행위],20,0,,10,10,0,0
2074,세미나실 정기예약 [전산학부 집행위],20,0,,10,10,0,0
2075,세미나실 정기예약 [전산학부 집행위],20,0,,10,10,0,0
2076,세미나실 정기예약 [전산학부 집행위],20,0,,10,10,0,0
2077,세미나실 정기예약 [전산학부 집행위],20,0,,10,10,0,0
2078,세미나실 정기예약 [전산학부 집행위],20,0,,10,10,0,0
2079,세미나실 정기예약 [전산학부 집행위],20,0,,10,10,0,0
2080,세미나실 정기예약 [전산학부 집행위],20,0,,10,10,0,0
2081,세미나실 정기예약 [전산학부 집행위],20,0,,10,10,0,0
2082,세미나실 정기예약 [전산학부 집행위],20,0,,10,10,0,0
2083,세미나실 정기예약 [전산학부 집행위],20,0,,10,10,0,0
2084,세미나실 정기예약 [전산학부 집행위],20,0,,10,10,0,0
2085,세미나실 정기예약 [전산학부 집행위],20,0,,10,10,0,0
2086,세미나실 정기예약 [전산학부 집행위],20,0,,10,10,0,0
2087,세미나실 정기예약 [전산학부 집행위],20,0,,10,10,0,0
2088,세미나실 정기예약 [전산학부 집행위],20,0,,10,10,0,0
2089,세미나실 정기예약 [전산학부 집행위],20,0,,10,10,0,0
2090,세미나실 정기예약 [전산학부 집행위],20,0,,10,10,0,0
2091,세미나실 정기예약 [전산학부 집행위],20,0,,10,10,0,0
2092,세미나실 정기예약 [KFAC],20,0,,10,10,0,0
2093,세미나실 정기예약 [KFAC],20,0,,10,10,0,0
2094,세미나실 정기예약 [KFAC],20,0,,10,10,0,0
2095,세미나실 정기예약 [KFAC],20,0,,10,10,0,0
2096,세미나실 정기예약 [KFAC],20,0,,10,10,0,0
2097,세미나실 정기예약 [KFAC],20,0,,10,10,0,0
2098,세미나실 정기예약 [KFAC],20,0,,10,10,0,0
2099,세미나실 정기예약 [KFAC],20,0,,10,10,0,0
2100,세미나실 정기예약 [KFAC],20,0,,10,10,0,0
2101,세미나실 정기예약 [KFAC],20,0,,10,10,0,0
2102,세미나실 정기예약 [KFAC],20,0,,10,10,0,0
2103,세미나실 정기예약 [KFAC],20,0,,10,10,0,0
2104,세미나실 정기예약 [KFAC],20,0,,10,10,0,0
2105,세미나실 정기예약 [KFAC],20,0,,10,10,0,0
2106,세미나실 정기예약 [KFAC],20,0,,10,10,0,0
2107,세미나실 정기예약 [KFAC],20,0,,10,10,0,0
2108,세미나실 정기예약 [KFAC],20,0,,10,10,0,0
2109,세미나실 정기예약 [KFAC],20,0,,10,10,0,0
2110,세미나실 정기예약 [KFAC],20,0,,10,10,0,0
2111,세미나실 정기예약 [KFAC],20,0,,10,10,0,0
2112,세미나실 정기예약 [KFAC],20,0,,10,10,0,0
2113,세미나실 정기예약 [KFAC],20,0,,10,10,0,0
2114,세미나실 정기예약 [KFAC],20,0,,10,10,0,0
2115,세미나실 정기예약 [KFAC],20,0,,10,10,0,0
2116,세미나실 정기예약 [KFAC],20,0,,10,10,0,0
2117,세미나실 정기예약 [KFAC],20,0,,10,10,0,0
2118,세미나실 정기예약 [KFAC],20,0,,10,10,0,0
2119,세미나실 정기예약 [KFAC],20,0,,10,10,0,0
2120,세미나실 정기예약 [KFAC],20,0,,10,10,0,0
2121,세미나실 정기예약 [KFAC],20,0,,10,10,0,0
2122,세미나실 정기예약 [KFAC],20,0,,10,10,0,0
2123,세미나실 정기예약 [KFAC],20,0,,10,10,0,0
2124,세미나실 정기예약 [KFAC],20,0,,10,10,0,0
2125,세미나실 정기예약 [KFAC],20,0,,10,10,0,0
2126,세미나실 정기예약 [KFAC],20,0,,10,10,0,0
2127,세미나실 정기예약 [KFAC],20,0,,10,10,0,0
2128,세미나실 정기예약 [KFAC],20,0,,10,10,0,0
2129,세미나실 정기예약 [KFAC],20,0,,10,10,0,0
2130,세미나실 정기예약 [KFAC],20,0,,10,10,0,0
2131,세미나실 정기예약 [KFAC],20,0,,10,10,0,0
2132,세미나실 정기예약 [KFAC],20,0,,10,10,0,0
2133,세미나실 정기예약 [KFAC],20,0,,10,10,0,0
2134,세미나실 정기예약 [KFAC],20,0,,10,10,0,0
2135,세미나실 정기예약 [KFAC],20,0,,10,10,0,0
2136,세미나실 정기예약 [KFAC],20,0,,10,10,0,0
2137,세미나실 정기예약 [KFAC],20,0,,10,10,0,0
2138,세미나실 정기예약 [KFAC],20,0,,10,10,0,0
2139,세미나실 정기예약 [Pokéstop KAIST],20,0,,10,10,0,0
2140,세미나실 정기예약 [Pokéstop KAIST],20,0,,10,10,0,0
2141,세미나실 정기예약 [Pokéstop KAIST],20,0,,10,10,0,0
2142,세미나실 정기예약 [Pokéstop KAIST],20,0,,10,10,0,0
2143,세미나실 정기예약 [Pokéstop KAIST],20,0,,10,10,0,0
2144,세미나실 정기예약 [Pokéstop KAIST],20,0,,10,10,0,0
2145,세미나실 정기예약 [Pokéstop KAIST],20,0,,10,10,0,0
2146,세미나실 정기예약 [Pokéstop KAIST],20,0,,10,10,0,0
2147,세미나실 정기예약 [Pokéstop KAIST],20,0,,10,10,0,0
2148,세미나실 정기예약 [Pokéstop KAIST],20,0,,10,10,0,0
2149,세미나실 정기예약 [Pokéstop KAIST],20,0,,10,10,0,0
2150,세미나실 정기예약 [Pokéstop KAIST],20,0,,10,10,0,0
2151,세미나실 정기예약 [Pokéstop KAIST],20,0,,10,10,0,0
2152,세미나실 정기예약 [Pokéstop KAIST],20,0,,10,10,0,0
2153,세미나실 정기예약 [Pokéstop KAIST],20,0,,10,10,0,0
2154,세미나실 정기예약 [Pokéstop KAIST],20,0,,10,10,0,0
2155,세미나실 정기예약 [Pokéstop KAIST],20,0,,10,10,0,0
2156,세미나실 정기예약 [Pokéstop KAIST],20,0,,10,10,0,0
2157,세미나실 정기예약 [Pokéstop KAIST],20,0,,10,10,0,0
2158,세미나실 정기예약 [Pokéstop KAIST],20,0,,10,10,0,0
2159,세미나실 정기예약 [Pokéstop KAIST],20,0,,10,10,0,0
2160,세미나실 정기예약 [Pokéstop KAIST],20,0,,10,10,0,0
2161,세미나실 정기예약 [Pokéstop KAIST],20,0,,10,10,0,0
2162,세미나실 정기예약 [Pokéstop KAIST],20,0,,10,10,0,0
2163,세미나실 정기예약 [Pokéstop KAIST],20,0,,10,10,0,0
2164,세미나실 정기예약 [Pokéstop KAIST],20,0,,10,10,0,0
2165,세미나실 정기예약 [Pokéstop KAIST],20,0,,10,10,0,0
2166,세미나실 정기예약 [Pokéstop KAIST],20,0,,10,10,0,0
2167,세미나실 정기예약 [Pokéstop KAIST],20,0,,10,10,0,0
2168,세미나실 정기예약 [Pokéstop KAIST],20,0,,10,10,0,0
2169,세미나실 정기예약 [Pokéstop KAIST],20,0,,10,10,0,0
2170,세미나실 정기예약 [Pokéstop KAIST],20,0,,10,10,0,0
2171,세미나실 정기예약 [Pokéstop KAIST],20,0,,10,10,0,0
2172,세미나실 정기예약 [Pokéstop KAIST],20,0,,10,10,0,0
2173,세미나실 정기예약 [Pokéstop KAIST],20,0,,10,10,0,0
2174,세미나실 정기예약 [Pokéstop KAIST],20,0,,10,10,0,0
2175,세미나실 정기예약 [Pokéstop KAIST],20,0,,10,10,0,0
2176,세미나실 정기예약 [Pokéstop KAIST],20,0,,10,10,0,0
2177,세미나실 정기예약 [Pokéstop KAIST],20,0,,10,10,0,0
2178,세미나실 정기예약 [Pokéstop KAIST],20,0,,10,10,0,0
2179,세미나실 정기예약 [Pokéstop KAIST],20,0,,10,10,0,0
2180,세미나실 정기예약 [Pokéstop KAIST],20,0,,10,10,0,0
2181,세미나실 정기예약 [Pokéstop KAIST],20,0,,10,10,0,0
2182,세미나실 정기예약 [Pokéstop KAIST],20,0,,10,10,0,0
2183,드럼연습,1,0,,0,0,0,0
2184,드럼,1,0,,0,0,0,0
2185,드럼,1,0,,0,0,0,0
2186,Lock,10,0,,0,0,0,0
2188,해금연습,2,0,,0,2,0,0
2189,연습,10,0,,0,0,0,0
2190,25 가을부터 진행되는 별바라기 동아리 내 인수인계입니다.,5,12,,0,0,0,0
2191,공연 연습,10,0,,0,0,0,0
2192,연습,1,0,,0,0,0,0
2193,연습,1,0,,0,0,0,0
2194,연습,1,0,,0,0,0,0
2195,연습,1,0,,0,0,0,0
2196,연습,1,0,,0,0,0,0
2197,연습,1,0,,0,0,0,0
2198,연습,1,0,,0,0,0,0
2199,personal practice,1,0,,0,1,0,0
2200,일루젼 카이스트,10,0,,0,0,0,0
2201,일루젼 카이스트,10,0,,0,0,0,0
2202,일루젼 카이스트,10,0,,0,0,0,0
2203,일루젼 카이스트,10,0,,0,0,0,0
2204,연습,10,0,,0,0,0,0
2205,밴드 프리드럭스토어 합주 연습입니다,4,0,,0,0,0,0
2208,개인연습,1,0,,0,0,0,0
2228,Piano,1,0,,0,0,0,0
2229,개인연습,3,0,,1,3,0,0
2230,악기 연습,10,0,,0,0,0,0
2231,연습,10,0,,0,0,0,0
2232,연습,10,0,,0,0,0,0
2233,박서우,10,0,,0,0,0,0
2234,박서우,10,0,,0,0,0,0
2235,개인연습,1,0,,0,0,0,0
2237,5-6곡 정도의 간단한 밴드 세션 곡들을 버스킹 형태로 선보일 예정입니다.,20,0,No food,0,0,1,0
2238,일루젼 연습,10,0,,0,0,0,0
2239,합주,1,1,,0,0,0,0
2240,공연 연습,10,0,,0,0,0,0
2242,개인연습 - 춤,1,0,,0,0,0,0
2243,전자과 대학원 학생회 주최 풋살대회 회의,10,0,없습니다,5,10,0,0
2245,밴드 연습,1,1,X,1,1,0,0
2246,상상효과 팀장회의,12,0,,6,12,0,0
2247,상상효과 팀장회의,12,0,,6,12,0,0
2248,마요네즈,10,0,,0,0,0,0
2249,mdf로 제작한 건물 조립을 위해 창작 공방을 사용하고자 합니다.,5,0,,2,6,0,0
2250,피드백,25,0,,1,0,0,0
2251,SEED KAIST의 개강총회 및 첫 정모를 진행합니다.,35,0,,0,35,0,0
2252,피아노 연습,10,0,,0,0,0,0
2253,공연 연습,10,0,,0,0,0,0
2254,공연 연습,10,0,,0,0,0,0
2255,게쇼 춤 연습,7,0,,0,0,0,0
2256,대학원 밴드 동아리 애드립의 버스킹 공연을 진행 예정입니다.,9,0,,0,5,1,0
2257,연습,1,0,,0,0,0,0
2258,연습,1,0,,0,0,0,0
2259,개인 연습,1,0,,0,0,0,0
2260,개인 연습,1,0,,0,0,0,0
2261,피아노연습,1,0,,0,0,0,0
2262,"연습
",10,0,,0,0,0,0
2263,"연습
",10,0,,0,0,0,0
2264,"연습
",10,0,,0,0,0,0
2265,"연습
",10,0,,0,0,0,0
2269,[Number] 공연 피드백,25,0,,0,0,0,0
2270,[Number] 공연 피드백,25,0,,0,0,0,0
2271,"진행내용
- 발달장애인 작품(엽서 및 아트상품) 전시
- 점자 네이텍 또는 키링 만들기 (장애인작가 그림 수록)
- 대전충청지역 장애/희귀질환 아동사례 소개 및 지원 필요성 안내

규모: 책상(1.2M x 0.6M) 2개, 작품 4점",10,0,,0,0,0,0
2272,"진행내용
- 발달장애인 작품(엽서 및 아트상품) 전시
- 점자 네이텍 또는 키링 만들기 (장애인작가 그림 수록)
- 대전충청지역 장애/희귀질환 아동사례 소개 및 지원 필요성 안내

규모: 책상(1.2M x 0.6M) 2개, 작품 4점",10,0,,0,0,0,0
2273,"진행내용
- 발달장애인 작품(엽서 및 아트상품) 전시
- 점자 네이텍 또는 키링 만들기 (장애인작가 그림 수록)
- 대전충청지역 장애/희귀질환 아동사례 소개 및 지원 필요성 안내

규모: 책상(1.2M x 0.6M) 2개, 작품 4점",10,0,,0,0,0,0
2277,연습,1,0,,0,0,0,0
2278,연습,1,0,,0,0,0,0
2279,연습,1,0,,0,0,0,0
2280,연습,1,0,,0,0,0,0
2281,연습,1,0,,0,0,0,0
2282,SSEquence 정모 진행,13,0,.,0,0,0,0
2283,.,1,0,,0,0,0,0
2284,노래 연습,1,0,,0,0,0,0
2285,합주 연습,3,0,,0,0,0,0
2286,피아노 연습,10,0,,0,0,0,0
2287,피아노 연습,1,0,,0,1,0,0
2288,드럼연습,1,0,,0,0,0,0
2289,Chamber music practice for in campus performance,5,0,,0,0,0,0
2290,김현서와아이들,5,0,No food,0,0,0,0
2291,기타연습,4,0,,0,0,0,0
2292,피아노 연습,1,0,,0,0,0,0
2293,.,3,1,,2,3,0,0
2294,drum,1,0,,0,0,0,0
2295,drum,1,0,,0,0,0,0
2296,최예성,10,0,,0,0,0,0
2297,박서우,10,0,,0,0,0,0
2298,박서우,10,0,,0,0,0,0
2299,개인 연습,0,1,,0,0,0,0
2300,개인 연습,10,0,,0,0,0,0
2301,개인 연습,10,0,,0,0,0,0
2302,개인 연습,10,0,,0,0,0,0
2303,개인 연습,10,0,,0,0,0,0
2304,.,1,0,,0,0,0,0
2305,.,1,0,,0,0,0,0
2306,.,1,0,,0,0,0,0
2307,.,1,0,,0,0,0,0
2308,.,1,0,,0,0,0,0
2309,연습,10,0,,0,0,0,0
2310,개인 피아노 연습,1,0,,0,1,0,0
2311,개인 피아노 연습,1,0,,0,1,0,0
